id,hashtags
1,SITWFest
2,LeBatardAF
3,AvengersEndgame
4,listing
5,Rutherford
6,NJ
7,realestate
8,Alamzaibpashtunhero
9,Alamzaibpashtunhero
10,HipHopDX
11,LOOSE
12,dremstuff
13,Gotham
14,NP
15,GGRL
16,OURMUSIC
17,OURCULTURE
18,Mercedes
19,AMG
20,GLC
21,NowPlaying
22,HardSummer2019
23,NowPlaying
24,HappyEaster
25,Cincy360
26,Cincy360
27,MTNYelloTopTen
28,LightItUp
29,Shy
30,Kokomaster
31,DameTime
32,newmusic
33,mrhudson
34,antidote
35,indie_alternative
36,tdba
37,snrtg
38,prayfocusplanexecute
39,Famous
40,HBCU
41,SITW
42,Coachella
43,Coachella
44,Coachella
45,Basquiat
46,SITWfest
47,NoseCandyMandy
48,got
49,ヒトカゲ
50,DontMuteDC
51,WorldBookDay
52,EarthDay
53,LetLove
54,LetLove
55,Aftershock
56,Mulholland
57,MeOutNow
58,LocalNatives
59,Shy
60,Kokomaster
61,KOKOMASTER
62,retreat
63,Creamplatform
64,Repost
65,kokoma
66,kokoma
67,shy
68,youshouldhavebeentold
69,Avocado
70,Mabebe
71,15yearsofe
72,NightParols
73,SaturdayPartyClubMix
74,london
75,dbanj
76,global
77,UBAUK
78,africaglobalbank
79,baecation
80,creative
81,baecation
82,baecation
83,baecation
84,codedly
85,LegendaryFacility
86,BaecationOutNow
87,MrVendor
88,MrVendor
89,MrVendor
90,WHY
91,STAR
92,PDX
93,savagelife
94,JobOpp
95,NYC
96,birthofaflow
97,birthofaflow
98,brithofaow
99,brithofaow
100,NowPlaying
101,NowPlaying
102,RIPNipseyHussle
103,LongLiveNip
104,familynotagroup
105,coachella2019
106,FamilyNotAGroup
107,tbt
108,TheVoice
109,VoiceCrossBattles
110,TeamLegend
111,CantJustPreach
112,GreenNewDeal
113,MunchiesMenu
114,LikeAVersion
115,DameTime
116,GameOfThrones
117,refugee
118,Syria
119,Canada
120,GameofThrones
121,IStandWithIlhan
122,TheLionKing
123,DillaDay
124,NP
125,dillashit
126,Blackstar
127,littlebrother
128,blackstarfriday
129,blackfriday
130,newmusic
131,mrhudson
132,antidote
133,indie_alternative
134,tdba
135,snrtg
136,ANTIDOTE
137,NowPlaying
138,NowPlaying
139,ANTIDOTE
140,brandnewmusic
141,ANTIDOTE
142,prayfocusplanexecute
143,prayfocusplanexecute
144,prayfocusplanexecute
145,happyresurrectionday
146,prayfocusplanexecute
147,womenofdefjam
148,wcw
149,sundayservice
150,sundayservice
151,rickydillard
152,sundayservice
153,sundayservice
154,Sadie
155,SpongeBob
156,NewAt2
157,LightItUp
158,latinogang
159,Tyga
160,goddamn
